"enterprise","degree"
"https://solid.iis.fraunhofer.de/oe-40200/2024/10/velektronik-graph-clean/company/weQ35.ttl#this","147"
"https://solid.iis.fraunhofer.de/oe-40200/2024/10/velektronik-graph-clean/company/weQ137.ttl#this","138"
"https://solid.iis.fraunhofer.de/oe-40200/2024/10/velektronik-graph-clean/company/weQ736.ttl#this","135"
"https://solid.iis.fraunhofer.de/oe-40200/2024/10/velektronik-graph-clean/company/weQ249.ttl#this","134"
"https://solid.iis.fraunhofer.de/oe-40200/2024/10/velektronik-graph-clean/company/weQ53.ttl#this","134"
"https://solid.iis.fraunhofer.de/oe-40200/2024/10/velektronik-graph-clean/company/weQ718.ttl#this","134"
"https://solid.iis.fraunhofer.de/oe-40200/2024/10/velektronik-graph-clean/company/weQ76.ttl#this","134"
"https://solid.iis.fraunhofer.de/oe-40200/2024/10/velektronik-graph-clean/company/weQ266.ttl#this","133"
"https://solid.iis.fraunhofer.de/oe-40200/2024/10/velektronik-graph-clean/company/weQ74.ttl#this","133"
"https://solid.iis.fraunhofer.de/oe-40200/2024/10/velektronik-graph-clean/company/weQ1035.ttl#this","132"
"https://solid.iis.fraunhofer.de/oe-40200/2024/10/velektronik-graph-clean/company/weQ104.ttl#this","132"
"https://solid.iis.fraunhofer.de/oe-40200/2024/10/velektronik-graph-clean/company/weQ1042.ttl#this","132"
"https://solid.iis.fraunhofer.de/oe-40200/2024/10/velektronik-graph-clean/company/weQ1086.ttl#this","132"
"https://solid.iis.fraunhofer.de/oe-40200/2024/10/velektronik-graph-clean/company/weQ109.ttl#this","132"
"https://solid.iis.fraunhofer.de/oe-40200/2024/10/velektronik-graph-clean/company/weQ1096.ttl#this","132"
"https://solid.iis.fraunhofer.de/oe-40200/2024/10/velektronik-graph-clean/company/weQ1099.ttl#this","132"
"https://solid.iis.fraunhofer.de/oe-40200/2024/10/velektronik-graph-clean/company/weQ143.ttl#this","132"
"https://solid.iis.fraunhofer.de/oe-40200/2024/10/velektronik-graph-clean/company/weQ17.ttl#this","132"
"https://solid.iis.fraunhofer.de/oe-40200/2024/10/velektronik-graph-clean/company/weQ170.ttl#this","132"
"https://solid.iis.fraunhofer.de/oe-40200/2024/10/velektronik-graph-clean/company/weQ20.ttl#this","132"
"https://solid.iis.fraunhofer.de/oe-40200/2024/10/velektronik-graph-clean/company/weQ21.ttl#this","132"
"https://solid.iis.fraunhofer.de/oe-40200/2024/10/velektronik-graph-clean/company/weQ22.ttl#this","132"
"https://solid.iis.fraunhofer.de/oe-40200/2024/10/velektronik-graph-clean/company/weQ223.ttl#this","132"
"https://solid.iis.fraunhofer.de/oe-40200/2024/10/velektronik-graph-clean/company/weQ23.ttl#this","132"
"https://solid.iis.fraunhofer.de/oe-40200/2024/10/velektronik-graph-clean/company/weQ24.ttl#this","132"
"https://solid.iis.fraunhofer.de/oe-40200/2024/10/velektronik-graph-clean/company/weQ241.ttl#this","132"
"https://solid.iis.fraunhofer.de/oe-40200/2024/10/velektronik-graph-clean/company/weQ245.ttl#this","132"
"https://solid.iis.fraunhofer.de/oe-40200/2024/10/velektronik-graph-clean/company/weQ25.ttl#this","132"
"https://solid.iis.fraunhofer.de/oe-40200/2024/10/velektronik-graph-clean/company/weQ254.ttl#this","132"
"https://solid.iis.fraunhofer.de/oe-40200/2024/10/velektronik-graph-clean/company/weQ259.ttl#this","132"
"https://solid.iis.fraunhofer.de/oe-40200/2024/10/velektronik-graph-clean/company/weQ26.ttl#this","132"
"https://solid.iis.fraunhofer.de/oe-40200/2024/10/velektronik-graph-clean/company/weQ262.ttl#this","132"
"https://solid.iis.fraunhofer.de/oe-40200/2024/10/velektronik-graph-clean/company/weQ264.ttl#this","132"
"https://solid.iis.fraunhofer.de/oe-40200/2024/10/velektronik-graph-clean/company/weQ27.ttl#this","132"
"https://solid.iis.fraunhofer.de/oe-40200/2024/10/velektronik-graph-clean/company/weQ272.ttl#this","132"
"https://solid.iis.fraunhofer.de/oe-40200/2024/10/velektronik-graph-clean/company/weQ28.ttl#this","132"
"https://solid.iis.fraunhofer.de/oe-40200/2024/10/velektronik-graph-clean/company/weQ29.ttl#this","132"
"https://solid.iis.fraunhofer.de/oe-40200/2024/10/velektronik-graph-clean/company/weQ30.ttl#this","132"
"https://solid.iis.fraunhofer.de/oe-40200/2024/10/velektronik-graph-clean/company/weQ31.ttl#this","132"
"https://solid.iis.fraunhofer.de/oe-40200/2024/10/velektronik-graph-clean/company/weQ32.ttl#this","132"
"https://solid.iis.fraunhofer.de/oe-40200/2024/10/velektronik-graph-clean/company/weQ33.ttl#this","132"
"https://solid.iis.fraunhofer.de/oe-40200/2024/10/velektronik-graph-clean/company/weQ34.ttl#this","132"
"https://solid.iis.fraunhofer.de/oe-40200/2024/10/velektronik-graph-clean/company/weQ36.ttl#this","132"
"https://solid.iis.fraunhofer.de/oe-40200/2024/10/velektronik-graph-clean/company/weQ37.ttl#this","132"
"https://solid.iis.fraunhofer.de/oe-40200/2024/10/velektronik-graph-clean/company/weQ38.ttl#this","132"
"https://solid.iis.fraunhofer.de/oe-40200/2024/10/velektronik-graph-clean/company/weQ39.ttl#this","132"
"https://solid.iis.fraunhofer.de/oe-40200/2024/10/velektronik-graph-clean/company/weQ40.ttl#this","132"
"https://solid.iis.fraunhofer.de/oe-40200/2024/10/velektronik-graph-clean/company/weQ43.ttl#this","132"
"https://solid.iis.fraunhofer.de/oe-40200/2024/10/velektronik-graph-clean/company/weQ44.ttl#this","132"
"https://solid.iis.fraunhofer.de/oe-40200/2024/10/velektronik-graph-clean/company/weQ45.ttl#this","132"
"https://solid.iis.fraunhofer.de/oe-40200/2024/10/velektronik-graph-clean/company/weQ46.ttl#this","132"
"https://solid.iis.fraunhofer.de/oe-40200/2024/10/velektronik-graph-clean/company/weQ54.ttl#this","132"
"https://solid.iis.fraunhofer.de/oe-40200/2024/10/velektronik-graph-clean/company/weQ56.ttl#this","132"
"https://solid.iis.fraunhofer.de/oe-40200/2024/10/velektronik-graph-clean/company/weQ57.ttl#this","132"
"https://solid.iis.fraunhofer.de/oe-40200/2024/10/velektronik-graph-clean/company/weQ58.ttl#this","132"
"https://solid.iis.fraunhofer.de/oe-40200/2024/10/velektronik-graph-clean/company/weQ59.ttl#this","132"
"https://solid.iis.fraunhofer.de/oe-40200/2024/10/velektronik-graph-clean/company/weQ61.ttl#this","132"
"https://solid.iis.fraunhofer.de/oe-40200/2024/10/velektronik-graph-clean/company/weQ64.ttl#this","132"
"https://solid.iis.fraunhofer.de/oe-40200/2024/10/velektronik-graph-clean/company/weQ65.ttl#this","132"
"https://solid.iis.fraunhofer.de/oe-40200/2024/10/velektronik-graph-clean/company/weQ66.ttl#this","132"
"https://solid.iis.fraunhofer.de/oe-40200/2024/10/velektronik-graph-clean/company/weQ665.ttl#this","132"
"https://solid.iis.fraunhofer.de/oe-40200/2024/10/velektronik-graph-clean/company/weQ667.ttl#this","132"
"https://solid.iis.fraunhofer.de/oe-40200/2024/10/velektronik-graph-clean/company/weQ668.ttl#this","132"
"https://solid.iis.fraunhofer.de/oe-40200/2024/10/velektronik-graph-clean/company/weQ673.ttl#this","132"
"https://solid.iis.fraunhofer.de/oe-40200/2024/10/velektronik-graph-clean/company/weQ675.ttl#this","132"
"https://solid.iis.fraunhofer.de/oe-40200/2024/10/velektronik-graph-clean/company/weQ676.ttl#this","132"
"https://solid.iis.fraunhofer.de/oe-40200/2024/10/velektronik-graph-clean/company/weQ68.ttl#this","132"
"https://solid.iis.fraunhofer.de/oe-40200/2024/10/velektronik-graph-clean/company/weQ681.ttl#this","132"
"https://solid.iis.fraunhofer.de/oe-40200/2024/10/velektronik-graph-clean/company/weQ684.ttl#this","132"
"https://solid.iis.fraunhofer.de/oe-40200/2024/10/velektronik-graph-clean/company/weQ688.ttl#this","132"
"https://solid.iis.fraunhofer.de/oe-40200/2024/10/velektronik-graph-clean/company/weQ690.ttl#this","132"
"https://solid.iis.fraunhofer.de/oe-40200/2024/10/velektronik-graph-clean/company/weQ693.ttl#this","132"
"https://solid.iis.fraunhofer.de/oe-40200/2024/10/velektronik-graph-clean/company/weQ696.ttl#this","132"
"https://solid.iis.fraunhofer.de/oe-40200/2024/10/velektronik-graph-clean/company/weQ698.ttl#this","132"
"https://solid.iis.fraunhofer.de/oe-40200/2024/10/velektronik-graph-clean/company/weQ699.ttl#this","132"
"https://solid.iis.fraunhofer.de/oe-40200/2024/10/velektronik-graph-clean/company/weQ70.ttl#this","132"
"https://solid.iis.fraunhofer.de/oe-40200/2024/10/velektronik-graph-clean/company/weQ704.ttl#this","132"
"https://solid.iis.fraunhofer.de/oe-40200/2024/10/velektronik-graph-clean/company/weQ705.ttl#this","132"
"https://solid.iis.fraunhofer.de/oe-40200/2024/10/velektronik-graph-clean/company/weQ706.ttl#this","132"
"https://solid.iis.fraunhofer.de/oe-40200/2024/10/velektronik-graph-clean/company/weQ713.ttl#this","132"
"https://solid.iis.fraunhofer.de/oe-40200/2024/10/velektronik-graph-clean/company/weQ719.ttl#this","132"
"https://solid.iis.fraunhofer.de/oe-40200/2024/10/velektronik-graph-clean/company/weQ721.ttl#this","132"
"https://solid.iis.fraunhofer.de/oe-40200/2024/10/velektronik-graph-clean/company/weQ73.ttl#this","132"
"https://solid.iis.fraunhofer.de/oe-40200/2024/10/velektronik-graph-clean/company/weQ79.ttl#this","132"
"https://solid.iis.fraunhofer.de/oe-40200/2024/10/velektronik-graph-clean/company/weQ797.ttl#this","132"
"https://solid.iis.fraunhofer.de/oe-40200/2024/10/velektronik-graph-clean/company/weQ80.ttl#this","132"
"https://solid.iis.fraunhofer.de/oe-40200/2024/10/velektronik-graph-clean/company/weQ90.ttl#this","132"
"https://solid.iis.fraunhofer.de/oe-40200/2024/10/velektronik-graph-clean/company/weQ91.ttl#this","132"
"https://solid.iis.fraunhofer.de/oe-40200/2024/10/velektronik-graph-clean/company/weQ92.ttl#this","132"
"https://solid.iis.fraunhofer.de/oe-40200/2024/10/velektronik-graph-clean/company/weQ95.ttl#this","132"
"https://solid.iis.fraunhofer.de/oe-40200/2024/10/velektronik-graph-clean/company/weQ98.ttl#this","132"
"https://solid.iis.fraunhofer.de/oe-40200/2024/10/velektronik-graph-clean/company/weQ1161.ttl#this","4"
"https://solid.iis.fraunhofer.de/oe-40200/2024/10/velektronik-graph-clean/company/weQ1065.ttl#this","2"
"https://solid.iis.fraunhofer.de/oe-40200/2024/10/velektronik-graph-clean/company/weQ1067.ttl#this","2"
"https://solid.iis.fraunhofer.de/oe-40200/2024/10/velektronik-graph-clean/company/weQ1069.ttl#this","2"
"https://solid.iis.fraunhofer.de/oe-40200/2024/10/velektronik-graph-clean/company/weQ1084.ttl#this","2"
"https://solid.iis.fraunhofer.de/oe-40200/2024/10/velektronik-graph-clean/company/weQ1097.ttl#this","2"
"https://solid.iis.fraunhofer.de/oe-40200/2024/10/velektronik-graph-clean/company/weQ112.ttl#this","2"
"https://solid.iis.fraunhofer.de/oe-40200/2024/10/velektronik-graph-clean/company/weQ1170.ttl#this","2"
"https://solid.iis.fraunhofer.de/oe-40200/2024/10/velektronik-graph-clean/company/weQ1176.ttl#this","2"
"https://solid.iis.fraunhofer.de/oe-40200/2024/10/velektronik-graph-clean/company/weQ141.ttl#this","2"
"https://solid.iis.fraunhofer.de/oe-40200/2024/10/velektronik-graph-clean/company/weQ178.ttl#this","2"
"https://solid.iis.fraunhofer.de/oe-40200/2024/10/velektronik-graph-clean/company/weQ274.ttl#this","2"
"https://solid.iis.fraunhofer.de/oe-40200/2024/10/velektronik-graph-clean/company/weQ726.ttl#this","2"
"https://solid.iis.fraunhofer.de/oe-40200/2024/10/velektronik-graph-clean/company/weQ1030.ttl#this","1"
"https://solid.iis.fraunhofer.de/oe-40200/2024/10/velektronik-graph-clean/company/weQ1070.ttl#this","1"
"https://solid.iis.fraunhofer.de/oe-40200/2024/10/velektronik-graph-clean/company/weQ1162.ttl#this","1"
"https://solid.iis.fraunhofer.de/oe-40200/2024/10/velektronik-graph-clean/company/weQ121.ttl#this","1"
"https://solid.iis.fraunhofer.de/oe-40200/2024/10/velektronik-graph-clean/company/weQ691.ttl#this","1"